{
  "results": {
    "n_1000": {
      "count": 1000,
      "mean_i_plus": 0.41044866081368364,
      "std_i_plus": 0.12050248804113131,
      "mean_i_zero": 0.1891670602039314,
      "std_i_zero": 0.09607863057419297,
      "mean_i_minus": 0.400384278982385,
      "std_i_minus": 0.12001220717906706,
      "mean_entropy": 0.9839548472905578,
      "std_entropy": 0.11608166372695897,
      "computation_time": 57.56161713600159
    },
    "n_10000": {
      "count": 10000,
      "mean_i_plus": 0.40421632072228075,
      "std_i_plus": 0.11908093937375797,
      "mean_i_zero": 0.19258102417762687,
      "std_i_zero": 0.09677606415904197,
      "mean_i_minus": 0.40320265510009234,
      "std_i_minus": 0.11917314143289856,
      "mean_entropy": 0.9869475898476214,
      "std_entropy": 0.11674209595602,
      "computation_time": 2354.8061299324036
    }
  },
  "precision": 80,
  "epsilon": "1.0e-8",
  "timestamp": 1759348040.8158689,
  "version": "1.0"
}