{
  "n_500": {
    "n": 500,
    "gamma": 1149.81040647982,
    "i_plus": 0.40072286163806264,
    "i_zero": 0.2923053481754554,
    "i_minus": 0.306971790186482,
    "entropy": 1.0885114447195412
  },
  "n_1000": {
    "n": 1000,
    "gamma": 2266.010434021364,
    "i_plus": 0.30022973042968193,
    "i_zero": 0.2716088727913035,
    "i_minus": 0.4281613967790146,
    "entropy": 1.0784415734784552
  },
  "n_1500": {
    "n": 1500,
    "gamma": 3381.225293683247,
    "i_plus": 0.29312464181517667,
    "i_zero": 0.1940841895306747,
    "i_minus": 0.5127911686541485,
    "entropy": 1.0203903054981838
  },
  "n_2000": {
    "n": 2000,
    "gamma": 4497.180568023841,
    "i_plus": 0.6347543622656032,
    "i_zero": 0.046188016868476824,
    "i_minus": 0.31905762086592,
    "entropy": 0.7950227115719596
  },
  "n_2500": {
    "n": 2500,
    "gamma": 5614.296502240876,
    "i_plus": 0.4925595715280983,
    "i_zero": 0.21446891449513747,
    "i_minus": 0.2929715139767641,
    "entropy": 1.0386706053576296
  },
  "n_3000": {
    "n": 3000,
    "gamma": 6732.677553232676,
    "i_plus": 0.3054244530147922,
    "i_zero": 0.28829003233885886,
    "i_minus": 0.406285514646349,
    "entropy": 1.0867622974218465
  },
  "n_3500": {
    "n": 3500,
    "gamma": 7852.325509160034,
    "i_plus": 0.2929794171202323,
    "i_zero": 0.19921368258728564,
    "i_minus": 0.507806900292482,
    "entropy": 1.0252012483238278
  },
  "n_4000": {
    "n": 4000,
    "gamma": 8973.204927438655,
    "i_plus": 0.47238040799352854,
    "i_zero": 0.2336467276569308,
    "i_minus": 0.2939728643495407,
    "entropy": 1.053882461569166
  },
  "n_4500": {
    "n": 4500,
    "gamma": 10095.267193892894,
    "i_plus": 0.42866047338998653,
    "i_zero": 0.27121190346605034,
    "i_minus": 0.30012762314396324,
    "entropy": 1.0782240564187562
  },
  "n_5000": {
    "n": 5000,
    "gamma": 11218.46029058483,
    "i_plus": 0.6327315883934097,
    "i_zero": 0.049004908271632265,
    "i_minus": 0.3182635033349579,
    "entropy": 0.8017697603917902
  },
  "n_5500": {
    "n": 5500,
    "gamma": 12342.732938129038,
    "i_plus": 0.31051509715593456,
    "i_zero": 0.0785557165356155,
    "i_minus": 0.6109291863084501,
    "entropy": 0.8640462189672873
  },
  "n_6000": {
    "n": 6000,
    "gamma": 13468.036326370146,
    "i_plus": 0.31728622864957196,
    "i_zero": 0.05251794498015721,
    "i_minus": 0.6301958263702709,
    "entropy": 0.8099553950572084
  },
  "n_6500": {
    "n": 6500,
    "gamma": 14594.324754657093,
    "i_plus": 0.30153868164329145,
    "i_zero": 0.27640933552009955,
    "i_minus": 0.422051982836609,
    "entropy": 1.0810022377305486
  },
  "n_7000": {
    "n": 7000,
    "gamma": 15721.555766524441,
    "i_plus": 0.554580125560105,
    "i_zero": 0.1483011018088482,
    "i_minus": 0.29711877263104663,
    "entropy": 0.9705738694134997
  },
  "n_7500": {
    "n": 7500,
    "gamma": 16849.690051602316,
    "i_plus": 0.4566600760381484,
    "i_zero": 0.24778531005076754,
    "i_minus": 0.295554613911084,
    "entropy": 1.0638976984812896
  },
  "n_8000": {
    "n": 8000,
    "gamma": 17978.69124654984,
    "i_plus": 0.31647042467274916,
    "i_zero": 0.05549184719029079,
    "i_minus": 0.62803772813696,
    "entropy": 0.8166979422006309
  },
  "n_8500": {
    "n": 8500,
    "gamma": 19108.52569982418,
    "i_plus": 0.3315722029949471,
    "i_zero": 0.3315294220597589,
    "i_minus": 0.336898374945294,
    "entropy": 1.0985837414312718
  },
  "n_9000": {
    "n": 9000,
    "gamma": 20239.16223208497,
    "i_plus": 0.2940110293498769,
    "i_zero": 0.23409211389406995,
    "i_minus": 0.4718968567560532,
    "entropy": 1.054213429313595
  },
  "n_9500": {
    "n": 9500,
    "gamma": 21370.571907342,
    "i_plus": 0.5339327484752544,
    "i_zero": 0.17154378349574617,
    "i_minus": 0.29452346802899937,
    "entropy": 0.9974768896496283
  },
  "n_10000": {
    "n": 10000,
    "gamma": 22502.727821392855,
    "i_plus": 0.583789296055207,
    "i_zero": 0.11331809002899276,
    "i_minus": 0.3028926139158001,
    "entropy": 0.9227287408237049
  },
  "n_10500": {
    "n": 10500,
    "gamma": 23635.604909703867,
    "i_plus": 0.615278235057613,
    "i_zero": 0.07277834476994985,
    "i_minus": 0.31194342017243704,
    "entropy": 0.8529258660286105
  },
  "n_11000": {
    "n": 11000,
    "gamma": 24769.179774673605,
    "i_plus": 0.29805710616059117,
    "i_zero": 0.14162633811730063,
    "i_minus": 0.5603165557221083,
    "entropy": 0.9621721118826414
  },
  "n_11500": {
    "n": 11500,
    "gamma": 25903.430531157468,
    "i_plus": 0.3179398043872359,
    "i_zero": 0.3139576739068504,
    "i_minus": 0.3681025217059137,
    "entropy": 1.095923490421968
  },
  "n_12000": {
    "n": 12000,
    "gamma": 27038.336668683896,
    "i_plus": 0.3354602895204349,
    "i_zero": 0.3322622332018421,
    "i_minus": 0.33227747727772294,
    "entropy": 1.0986021203957324
  },
  "n_12500": {
    "n": 12500,
    "gamma": 28173.87892866584,
    "i_plus": 0.29636034210996903,
    "i_zero": 0.2530928268703913,
    "i_minus": 0.4505468310196397,
    "entropy": 1.0673945097760857
  },
  "n_13000": {
    "n": 13000,
    "gamma": 29310.03919494834,
    "i_plus": 0.30367162414493726,
    "i_zero": 0.2832961658093052,
    "i_minus": 0.4130322100457575,
    "entropy": 1.084444526225597
  },
  "n_13500": {
    "n": 13500,
    "gamma": 30446.800396148334,
    "i_plus": 0.30970223181165274,
    "i_zero": 0.08192574404422896,
    "i_minus": 0.6083720241441183,
    "entropy": 0.870330923836945
  },
  "n_14000": {
    "n": 14000,
    "gamma": 31584.146418389348,
    "i_plus": 0.5898607040697055,
    "i_zero": 0.10573264532934791,
    "i_minus": 0.30440665060094657,
    "entropy": 0.9109920758330724
  },
  "n_14500": {
    "n": 14500,
    "gamma": 32722.06202718717,
    "i_plus": 0.293433414438876,
    "i_zero": 0.22610705854023672,
    "i_minus": 0.48045952702088723,
    "entropy": 1.0481266942586218
  },
  "n_15000": {
    "n": 15000,
    "gamma": 33860.53279739027,
    "i_plus": 0.2938410895622709,
    "i_zero": 0.1802784814478594,
    "i_minus": 0.5258804289898696,
    "entropy": 1.0067080708685112
  },
  "n_15500": {
    "n": 15500,
    "gamma": 34999.545050214285,
    "i_plus": 0.6477390812721272,
    "i_zero": 0.02779502425455561,
    "i_minus": 0.3244658944733171,
    "entropy": 0.7460893068685996
  },
  "n_16000": {
    "n": 16000,
    "gamma": 36139.08579653196,
    "i_plus": 0.3927754440776877,
    "i_zero": 0.29788061302637175,
    "i_minus": 0.3093439428959405,
    "entropy": 1.0907611796199328
  },
  "n_16500": {
    "n": 16500,
    "gamma": 37279.142685687315,
    "i_plus": 0.4806804486377712,
    "i_zero": 0.22589828715203758,
    "i_minus": 0.2934212642101912,
    "entropy": 1.0479631974515637
  }
}